md5,type_description,vhash,authentihash,creation_date,last_modification_date,type_tag,size
00417653F6245DD39F114E4AD093B43F,Win32 EXE,016056655d1c0510d043z8003d7z47z62z3ffz,d5062f33ba8cbd9dbd1c00f76bfab33157470df8fecc420b81b3bd9d8eee3d96,1544912681,1627041176,peexe,1348507
C70889B47133396C23D32DD6C5720325,Win32 EXE,036086655d55151d157560b012z6200a56z150e5za0600e53z19z,2a765230dec76ae2c30c5920b6c0b6215f8cc78ff4d2e79b25985818bf695db2,1626278685,1629387741,peexe,3813280
2C5140076BF00C3D77C30E4849107AE9,Win32 EXE,016066655d1555555210b02002300a56z161d013zf2za2030e039z,d46d3eab7c0062b4152bfb4cc9506c0bb3e7673c5b9fbabcc70637a9365f50da,1608738692,1637010363,peexe,1009152
D3D79F8F3809AE58A8D030DE3F0F8ABC,Win32 EXE,016066655d1555755210b02002300a56z161d013zf2za2030e039z,e90e5f61911891ce23c54c81a93172b5f549bf6dc359a2ff153801d5290b50c2,1625133789,1638247864,peexe,1180160
3493DCC0EDDA5E30E26AA552D7EDCC8C,Win32 DLL,125056655d15156az51nz1ez4,875e493d8d442c0c480fdf89571ccc8738eaff4492c6a2f4291019193c9d07d3,1626279843,1632209359,pedll,206336
5EE0A1BCA69F9D0D1F9A24923E52F01B,Win32 DLL,1260b6551d15657f1e1e1bzc?z1,6075ac437ac9234261095e7591c5e8f2be0c2c4cc5edc3c7f07b49e230fc3df0,1595080050,1637955931,pedll,2736936
638289A3E2FADB26FB06E2CA54B923FA,Win32 EXE,014056651d15555bzejz2jz,4e263b1a702b6d4a5b5ad1bc36818a2b93c5309f4b5a02df80ab0819957d08f4,1625788140,1638889887,peexe,11776
AC1E50E69E4B74EF020DE708E32AC8BD,Win32 EXE,016046655d15714022z2a00b37z907023z808005b03dz,f5775484242698c667a639ce839a4a0cccc52c4572cc258f44158c3a78511c02,1622016,1637356234,peexe,1766544
6FF884B56AD339D184F79527ACA7DB47,Win32 EXE,0370c76d1565155c055d5291z10a3100b29c022z22185zf2z8d03001d236zb,1fbcdfdc49e606926e45b952c9f992bb1c1c53a26c75502ddfd807f4db5a9de6,1530632842,1626803499,peexe,34615296
929C7F7E7770F2E7CDE00A04CC91854E,Win32 DLL,126056655d155557z1003iz12z14z102020035001,4d10bd53eccd57e4d77f93a666f048bdb809394a1848a91193f3a126dc06fea6,1613712657,1632923773,pedll,2014720
FAD38E650676E9486BD4456AD15D1F3F,Win32 EXE,215036756512f097243550410,513f77f1b93339722ef318df26da9a87b67534d88d2f79dd0cefdac8cd40b661,3712164621,1636391448,peexe,185856
7C6DAA2A0B2E2A7911B749132EF4C2CF,Win32 EXE,016066651d1c0555109043z800467z47z62z4403dz,7db74aaa12f9f04035ddb3b557acc46d8abcdaad9e63e18166ffdb16e8112811,1330111204,1627132644,peexe,1449176
CEFD0B6A81C8A58E1696AE7CF4FB0868,Win32 EXE,0750866d1c0d1c051505105016z1c9z5bz1fz,3dde17dd57077ffee718391da952c6c201e2e50950546c196b763e287c250f8c,708992537,1626887117,peexe,794016
F38B3602203AE1E7CA6E875F6510ABB3,Win32 EXE,014056655d15156058z1bdz1pz,7d3c0184efaf39fb1c596ebd7e1ba495d45049bd16ab5f4e685d7a5eb39d4670,1626708343,1637806212,peexe,19456
34FB289E9FEE64CD7D4B588F0AF35A87,Win32 EXE,0360a6666d6c0d5d151c0161e020051z9401023zf125z92zbe03cz3,674edd9714b1ee37f25b9240e19da40932fa2265a3a79ef4a0ebf13a8e0b876e,1605433712,1637565998,peexe,3232768
B27BF3DCF7F6BEFC64B03106B7EC35A4,Win32 EXE,036056655d55756150100106200b26z150e5zb0600e63z11d7z,ce914cba780b96ed4c613d0fd03efb468663f61c989d762abdb0424f2cf1c566,1626261464,1637989993,peexe,3933120
FEE6F18453719080E90C4690449A02F1,Win32 EXE,037046655d155az89!z,0aebd8f5efce6fedb41b91abc85ab9d42aff550aa44955ab0e57174c02742633,1454528305,1626869071,peexe,30687854
705E0DE4275EFC3F1FED585A3C35A247,Win32 EXE,01503e0f7d11z13z11z6015z1015z13z1fz,33217828c32c7f9b946f4d8a4ef9c9bfb104ac98cb49672e06f66b3222699486,1303990700,1638880023,peexe,162272
72C137EFE88D3E115455378A53E1699D,Win32 EXE,29503675551380e16b37eb480,5ee36357378b3380c24fd39b58de1827f6f139c27b8ba766aa30d188bed15cc1,1626997764,1628562842,peexe,959488
81DB2BDE8945985CE805776F4358B5EF,Win32 EXE,066076655d155515155048z5f!z,5c1029171c94fb9113d983e3330d2e01f81cb3cf726f9365f8064c58b34f64dd,1626080820,1637035501,peexe,6628305
90B6F298A9DAD5DC43220C056F09E246,Win32 EXE,025056651d15556048z4cjz1jz,52d1f70a28c07e0cc90dcb194030c69c9d88f5d22ca0e514ca57d7027ed2d624,1626759728,1638965902,peexe,283648
B54DBD344F0D32E443A3273377B0DC99,Win32 EXE,046056655d5c05709043z8003b7z47z62z3e03dz,21486bf02c2bc414cdcfb3446a09d059b3491f32fe208573930c335a72520513,1260053446,1635875620,peexe,4059200
E97095F7A58CA1C6C583BBD8ECE4F6F4,Win32 EXE,0750866d1c0d5c051565603172z36002a7z203bz403dz,89cb386595eff94cc0eca24b650b7f914a6d8e2d838e69019dde5c23542ec6f2,708992537,1627532383,peexe,754176
C1F8A53FC91C813B1D8A66D70D30E2C9,Win32 EXE,016066651d1c0575709043z800467z47z62z4403dz,a04e349db7d59c3c93579c3cd88529bbb6548bbdeaec146e09cc4842180cdbb3,1330111204,1633819720,peexe,1318912
E196045028AEB44A874A1B7EB0D3A76F,Win32 EXE,016046655d15103013zb005d215z3045z72z37fz,851755937eae9a4ecf1964a5d063d3c0e6534a0f6621fe00497c642d5b784877,1336649870,1628174078,peexe,1780029
680D2ED84CDDC43E783FFEBFD1916BE4,Win32 EXE,026056655d155560e5z4007e7z6015z3010025fz,acb409e4610d050d42ae49692d55c5be3ef65f6b9f075f19efd6c41074801c35,1593136416,1638531612,peexe,2262715
